Times,H,V,M
0.0,1.0,-0.01,0.0
0.0042949364975033415,0.9999570506350249,-0.01,1.0
0.008589872995006683,0.9999141012700499,-0.01,1.0
0.012884809492510025,0.9998711519050748,-0.01,1.0
0.017179745990013366,0.9998282025400997,-0.01,1.0
0.02147468248751671,0.9997852531751247,-0.01,1.0
0.02576961898502005,0.9997423038101496,-0.01,1.0
0.03006455548252339,0.9996993544451745,-0.01,1.0
0.03435949198002673,0.9996564050801995,-0.01,1.0
0.038654428477530076,0.9996134557152244,-0.01,1.0
0.04294936497503342,0.9995705063502494,-0.01,1.0
0.047244301472536755,0.9995275569852743,-0.01,1.0
0.0515392379700401,0.9994846076202992,-0.01,1.0
0.05583417446754344,0.9994416582553242,-0.01,1.0
0.06012911096504678,0.9993987088903491,-0.01,1.0
0.06442404746255012,0.999355759525374,-0.01,1.0
0.06871898396005346,0.999312810160399,-0.01,1.0
0.07301392045755681,0.9992698607954239,-0.01,1.0
0.07730885695506015,0.9992269114304488,-0.01,1.0
0.0816037934525635,0.9991839620654738,-0.01,1.0
0.08589872995006684,0.9991410127004987,-0.01,1.0
0.09019366644757017,0.9990980633355236,-0.01,1.0
0.09448860294507351,0.9990551139705486,-0.01,1.0
0.09878353944257685,0.9990121646055735,-0.01,1.0
0.1030784759400802,0.9989692152405985,-0.01,1.0
0.10737341243758354,0.9989262658756234,-0.01,1.0
0.11166834893508688,0.9988833165106483,-0.01,1.0
0.11596328543259023,0.9988403671456733,-0.01,1.0
0.12025822193009356,0.9987974177806982,-0.01,1.0
0.1245531584275969,0.9987544684157231,-0.01,1.0
0.12884809492510024,0.9987115190507481,-0.01,1.0
0.13314303142260359,0.998668569685773,-0.01,1.0
0.13743796792010693,0.9986256203207979,-0.01,1.0
0.14173290441761027,0.9985826709558229,-0.01,1.0
0.14602784091511362,0.9985397215908478,-0.01,1.0
0.15032277741261696,0.9984967722258727,-0.01,1.0
0.1546177139101203,0.9984538228608977,-0.01,1.0
0.15891265040762365,0.9984108734959226,-0.01,1.0
0.163207586905127,0.9983679241309475,-0.01,1.0
0.16750252340263033,0.9983249747659725,-0.01,1.0
0.17179745990013368,0.9982820254009974,-0.01,1.0
0.176092396397637,0.9982390760360224,-0.01,1.0
0.18038733289514033,0.9981961266710473,-0.01,1.0
0.18468226939264368,0.9981531773060722,-0.01,1.0
0.18897720589014702,0.9981102279410972,-0.01,1.0
0.19327214238765036,0.9980672785761221,-0.01,1.0
0.1975670788851537,0.998024329211147,-0.01,1.0
0.20186201538265705,0.997981379846172,-0.01,1.0
0.2061569518801604,0.9979384304811969,-0.01,1.0
0.21045188837766374,0.9978954811162218,-0.01,1.0
0.21474682487516708,0.9978525317512468,-0.01,1.0
0.21904176137267042,0.9978095823862717,-0.01,1.0
0.22333669787017377,0.9977666330212966,-0.01,1.0
0.2276316343676771,0.9977236836563216,-0.01,1.0
0.23192657086518045,0.9976807342913465,-0.01,1.0
0.2362215073626838,0.9976377849263715,-0.01,1.0
0.2405164438601871,0.9975948355613964,-0.01,1.0
0.24481138035769046,0.9975518861964213,-0.01,1.0
0.2491063168551938,0.9975089368314463,-0.01,1.0
0.25340125335269714,0.9974659874664712,-0.01,1.0
0.2576961898502005,0.9974230381014961,-0.01,1.0
0.26199112634770383,0.9973800887365211,-0.01,1.0
0.26628606284520717,0.997337139371546,-0.01,1.0
0.2705809993427105,0.9972941900065709,-0.01,1.0
0.27487593584021386,0.9972512406415959,-0.01,1.0
0.2791708723377172,0.9972082912766208,-0.01,1.0
0.28346580883522055,0.9971653419116457,-0.01,1.0
0.2877607453327239,0.9971223925466707,-0.01,1.0
0.29205568183022723,0.9970794431816956,-0.01,1.0
0.2963506183277306,0.9970364938167205,-0.01,1.0
0.3006455548252339,0.9969935444517455,-0.01,1.0
0.30494049132273726,0.9969505950867704,-0.01,1.0
0.3092354278202406,0.9969076457217954,-0.01,1.0
0.31353036431774395,0.9968646963568203,-0.01,1.0
0.3178253008152473,0.9968217469918452,-0.01,1.0
0.32212023731275063,0.9967787976268702,-0.01,1.0
0.326415173810254,0.9967358482618951,-0.01,1.0
0.3307101103077573,0.99669289889692,-0.01,1.0
0.33500504680526066,0.996649949531945,-0.01,1.0
0.339299983302764,0.9966070001669699,-0.01,1.0
0.34359491980026735,0.9965640508019948,-0.01,1.0
0.34788985629777064,0.9965211014370198,-0.01,1.0
0.352184792795274,0.9964781520720447,-0.01,1.0
0.3564797292927773,0.9964352027070696,-0.01,1.0
0.36077466579028067,0.9963922533420946,-0.01,1.0
0.365069602287784,0.9963493039771195,-0.01,1.0
0.36936453878528736,0.9963063546121445,-0.01,1.0
0.3736594752827907,0.9962634052471694,-0.01,1.0
0.37795441178029404,0.9962204558821943,-0.01,1.0
0.3822493482777974,0.9961775065172193,-0.01,1.0
0.38654428477530073,0.9961345571522442,-0.01,1.0
0.39083922127280407,0.9960916077872691,-0.01,1.0
0.3951341577703074,0.9960486584222941,-0.01,1.0
0.39942909426781076,0.996005709057319,-0.01,1.0
0.4037240307653141,0.9959627596923439,-0.01,1.0
0.40801896726281744,0.9959198103273689,-0.01,1.0
0.4123139037603208,0.9958768609623938,-0.01,1.0
0.41660884025782413,0.9958339115974187,-0.01,1.0
0.4209037767553275,0.9957909622324437,-0.01,1.0
0.4251987132528308,0.9957480128674686,-0.01,1.0
0.42949364975033416,0.9957050635024935,-0.01,1.0
0.4337885862478375,0.9956621141375185,-0.01,1.0
0.43808352274534085,0.9956191647725434,-0.01,1.0
0.4423784592428442,0.9955762154075684,-0.01,1.0
0.44667339574034753,0.9955332660425933,-0.01,1.0
0.4509683322378509,0.9954903166776182,-0.01,1.0
0.4552632687353542,0.9954473673126432,-0.01,1.0
0.45955820523285756,0.9954044179476681,-0.01,1.0
0.4638531417303609,0.995361468582693,-0.01,1.0
0.46814807822786425,0.995318519217718,-0.01,1.0
0.4724430147253676,0.9952755698527429,-0.01,1.0
0.47673795122287094,0.9952326204877678,-0.01,1.0
0.4810328877203742,0.9951896711227928,-0.01,1.0
0.48532782421787757,0.9951467217578177,-0.01,1.0
0.4896227607153809,0.9951037723928426,-0.01,1.0
0.49391769721288425,0.9950608230278676,-0.01,1.0
0.4982126337103876,0.9950178736628925,-0.01,1.0
0.5025075702078909,0.9949749242979175,-0.01,1.0
0.5068025067053943,0.9949319749329424,-0.01,1.0
0.5110974432028976,0.9948890255679673,-0.01,1.0
0.515392379700401,0.9948460762029923,-0.01,1.0
0.5196873161979043,0.9948031268380172,-0.01,1.0
0.5239822526954077,0.9947601774730421,-0.01,1.0
0.528277189192911,0.9947172281080671,-0.01,1.0
0.5325721256904143,0.994674278743092,-0.01,1.0
0.5368670621879177,0.9946313293781169,-0.01,1.0
0.541161998685421,0.9945883800131419,-0.01,1.0
0.5454569351829244,0.9945454306481668,-0.01,1.0
0.5497518716804277,0.9945024812831917,-0.01,1.0
0.5540468081779311,0.9944595319182167,-0.01,1.0
0.5583417446754344,0.9944165825532416,-0.01,1.0
0.5626366811729377,0.9943736331882665,-0.01,1.0
0.5669316176704411,0.9943306838232915,-0.01,1.0
0.5712265541679444,0.9942877344583164,-0.01,1.0
0.5755214906654478,0.9942447850933414,-0.01,1.0
0.5798164271629511,0.9942018357283663,-0.01,1.0
0.5841113636604545,0.9941588863633912,-0.01,1.0
0.5884063001579578,0.9941159369984162,-0.01,1.0
0.5927012366554611,0.9940729876334411,-0.01,1.0
0.5969961731529645,0.994030038268466,-0.01,1.0
0.6012911096504678,0.993987088903491,-0.01,1.0
0.6055860461479712,0.9939441395385159,-0.01,1.0
0.6098809826454745,0.9939011901735408,-0.01,1.0
0.6141759191429779,0.9938582408085658,-0.01,1.0
0.6184708556404812,0.9938152914435907,-0.01,1.0
0.6227657921379846,0.9937723420786156,-0.01,1.0
0.6270607286354879,0.9937293927136406,-0.01,1.0
0.6313556651329912,0.9936864433486655,-0.01,1.0
0.6356506016304946,0.9936434939836905,-0.01,1.0
0.6399455381279979,0.9936005446187154,-0.01,1.0
0.6442404746255013,0.9935575952537403,-0.01,1.0
0.6485354111230046,0.9935146458887653,-0.01,1.0
0.652830347620508,0.9934716965237902,-0.01,1.0
0.6571252841180113,0.9934287471588151,-0.01,1.0
0.6614202206155146,0.9933857977938401,-0.01,1.0
0.665715157113018,0.993342848428865,-0.01,1.0
0.6700100936105213,0.9932998990638899,-0.01,1.0
0.6743050301080247,0.9932569496989149,-0.01,1.0
0.678599966605528,0.9932140003339398,-0.01,1.0
0.6828949031030314,0.9931710509689647,-0.01,1.0
0.6871898396005347,0.9931281032548419,-0.009999615628253366,2.0
0.6914847760980379,0.9930852964736369,-0.009966801890995351,2.0
0.6957797125955413,0.9930424973543077,-0.009965017958718915,2.0
0.7000746490930446,0.9929997093896409,-0.00996242079287228,2.0
0.704369585590548,0.9929569357913051,-0.00995907584681048,2.0
0.7086645220880513,0.992914179457498,-0.009955056106610252,2.0
0.7129594585855547,0.9928714429572841,-0.009950438205270282,2.0
0.717254395083058,0.9928287285305002,-0.0099452987974978,2.0
0.7215493315805613,0.992786038101272,-0.009939711391086348,2.0
0.7258442680780647,0.9927433733025738,-0.009933743775495297,2.0
0.730139204575568,0.9927007355089178,-0.009927456129043638,2.0
0.7344341410730714,0.9926581258741572,-0.00992089982827428,2.0
0.7387290775705747,0.9926155453715099,-0.009914116930980418,2.0
0.743024014068078,0.9925729948332148,-0.009907140261499936,2.0
0.7473189505655814,0.9925304749876789,-0.009899993995411572,2.0
0.7516138870630847,0.9924879864924901,-0.009892694621543503,2.0
0.7559088235605881,0.9924455299622348,-0.00988525215217653,2.0
0.7602037600580914,0.9924031059905877,-0.009877671456093537,2.0
0.7644986965555948,0.9923607151666339,-0.009869953601963556,2.0
0.7687936330530981,0.9923183580857763,-0.009862097118848587,2.0
0.7730885695506015,0.9922760353558848,-0.00985409910392397,2.0
0.7773835060481048,0.9922337475995399,-0.009845956132189235,2.0
0.7816784425456081,0.9921914954533096,-0.009837664946799309,2.0
0.7859733790431115,0.9921492795650063,-0.00982922292981279,2.0
0.7902683155406148,0.99210710058979,-0.00982062837036181,2.0
0.7945632520381182,0.9920649591858648,-0.009811880559749712,2.0
0.7988581885356215,0.9920228560103498,-0.009802979750560084,2.0
0.8031531250331249,0.9919807917157385,-0.009793927019812576,2.0
0.8074480615306282,0.9919387669471903,-0.009784724075115407,2.0
0.8117429980281315,0.9918967823407504,-0.009775373038535404,2.0
0.8160379345256349,0.9918548385224721,-0.009765876236516369,2.0
0.8203328710231382,0.991812936108326,-0.009756236016638447,2.0
0.8246278075206416,0.991771075704725,-0.009746454604245232,2.0
0.8289227440181449,0.991729257909469,-0.00973653400470656,2.0
0.8332176805156483,0.991687483312915,-0.009726475950980478,2.0
0.8375126170131516,0.9916457524991996,-0.009716281891390857,2.0
0.841807553510655,0.991604066047376,-0.009705953009510241,2.0
0.8461024900081583,0.9915624245323696,-0.009695490266412407,2.0
0.8503974265056616,0.9915208285256984,-0.009684894455461553,2.0
0.854692363003165,0.9914792785959428,-0.009674166260635353,2.0
0.8589872995006683,0.9914377753089806,-0.0096633063111173,2.0
0.8632822359981717,0.9913963192280271,-0.009652315226911255,2.0
0.867577172495675,0.9913549109135297,-0.009641193652458788,2.0
0.8718721089931784,0.9913135509229744,-0.00962994227723984,2.0
0.8761670454906817,0.9912722398106568,-0.009618561844062254,2.0
0.880461981988185,0.9912309781274625,-0.009607053146945195,2.0
0.8847569184856884,0.991189766420689,-0.009595417021301697,2.0
0.8890518549831917,0.9911486052339303,-0.009583654329370082,2.0
0.8933467914806951,0.9911074951070329,-0.009571765943763478,2.0
0.8976417279781984,0.9910664365761189,-0.009559752731566961,2.0
0.9019366644757018,0.9910254301736685,-0.009547615540828036,2.0
0.9062316009732051,0.9909844764286438,-0.00953535519058782,2.0
0.9105265374707084,0.9909435758666395,-0.00952297246493672,2.0
0.9148214739682118,0.9909027290100413,-0.009510468110994876,2.0
0.9191164104657151,0.9908619363781791,-0.009497842840263029,2.0
0.9234113469632185,0.9908211984874633,-0.009485097332526728,2.0
0.9277062834607218,0.9907805158514972,-0.009472232241329051,2.0
0.9320012199582252,0.9907398889811637,-0.009459248200088661,2.0
0.9362961564557285,0.9906993183846863,-0.009446145828014922,2.0
0.9405910929532318,0.9906588045676679,-0.00943292573521492,2.0
0.9448860294507352,0.9906183480331137,-0.009419588526566785,2.0
0.9491809659482385,0.9905779492814426,-0.00940613480421029,2.0
0.9534759024457419,0.9905376088104945,-0.009392565168669117,2.0
0.9577708389432452,0.990497327115537,-0.00937888021880934,2.0
0.9620657754407484,0.9904571046892768,-0.00936508055090818,2.0
0.9663607119382518,0.9904169420218772,-0.009351166757175882,2.0
0.9706556484357551,0.9903768396009826,-0.009337139424059055,2.0
0.9749505849332585,0.9903367979117502,-0.009322999130616832,2.0
0.9792455214307618,0.9902968174368882,-0.009308746447175978,2.0
0.9835404579282652,0.9902568986566964,-0.009294381934411795,2.0
0.9878353944257685,0.9902170420491098,-0.00927990614291204,2.0
0.9921303309232719,0.9901772480897421,-0.009265319613189875,2.0
0.9964252674207752,0.9901375172519269,-0.00925062287609792,2.0
1.0007202039182785,0.9900978500067564,-0.00923581645352406,2.0
1.0050151404157819,0.9900582468231162,-0.00922090085924657,2.0
1.0093100769132852,0.990018708167716,-0.00920587659984945,2.0
1.0136050134107886,0.989979234505117,-0.009190744175572352,2.0
1.017899949908292,0.9899398262977563,-0.009175504081045439,2.0
1.0221948864057953,0.9899004840059681,-0.009160156805852165,2.0
1.0264898229032986,0.9898612080880036,-0.009144702834904622,2.0
1.030784759400802,0.989821999000051,-0.009129142648645916,2.0
1.0350796958983053,0.9897828571962537,-0.00911347672311081,2.0
1.0393746323958086,0.9897437831287299,-0.009097705529874605,2.0
1.043669568893312,0.9897047772475919,-0.009081829535940156,2.0
1.0479645053908153,0.9896658400009664,-0.009065849203620031,2.0
1.0522594418883187,0.9896269718350152,-0.009049764990413793,2.0
1.056554378385822,0.9895881731939562,-0.009033577348944926,2.0
1.0608493148833253,0.9895494445200842,-0.009017286726946011,2.0
1.0651442513808287,0.9895107862537919,-0.009000893567309955,2.0
1.069439187878332,0.9894721988335899,-0.00898439830819058,2.0
1.0737341243758354,0.9894336826961271,-0.008967801383154766,2.0
1.0780290608733387,0.9893952382762087,-0.008951103221366254,2.0
1.082323997370842,0.989356866006815,-0.008934304247777074,2.0
1.0866189338683454,0.9893185663191186,-0.008917404883324504,2.0
1.0909138703658487,0.9892803396425003,-0.0089004055451151,2.0
1.095208806863352,0.9892421864045654,-0.008883306646585242,2.0
1.0995037433608554,0.9892041070311586,-0.008866108597639904,2.0
1.1037986798583588,0.9891661019463788,-0.008848811804758761,2.0
1.1080936163558621,0.9891281715725935,-0.008831416671085276,2.0
1.1123885528533655,0.9890903163304527,-0.008813923596487553,2.0
1.1166834893508688,0.989052536638903,-0.008796332977610791,2.0
1.1209784258483722,0.9890148329152009,-0.008778645207915454,2.0
1.1252733623458755,0.9889772055749266,-0.008760860677714788,2.0
1.1295682988433788,0.9889396550319974,-0.008742979774211889,2.0
1.1338632353408822,0.9889021816986807,-0.008725002881542853,2.0
1.1381581718383855,0.9888647859856069,-0.008706930380820384,2.0
1.1424531083358889,0.9888274683017825,-0.008688762650193206,2.0
1.1467480448333922,0.9887902290546021,-0.008670500064904491,2.0
1.1510429813308956,0.9887530686498611,-0.008652142997358473,2.0
1.155337917828399,0.9887159874917673,-0.008633691817190385,2.0
1.1596328543259022,0.9886789859829523,-0.008615146891337931,2.0
1.1639277908234056,0.9886420645244833,-0.008596508584113113,2.0
1.168222727320909,0.9886052235158737,-0.008577777257269723,2.0
1.1725176638184123,0.9885684633550936,-0.008558953270069844,2.0
1.1768126003159156,0.988531784438581,-0.008540036979343944,2.0
1.181107536813419,0.9884951871612513,-0.008521028739548958,2.0
1.1854024733109223,0.9884586719165074,-0.008501928902816763,2.0
1.1896974098084256,0.9884222390962498,-0.008482737819001423,2.0
1.193992346305929,0.988385889090886,-0.00846345583572301,2.0
1.1982872828034323,0.9883496222893396,-0.008444083298405892,2.0
1.2025822193009357,0.9883134390790604,-0.00842462055031358,2.0
1.206877155798439,0.9882773398460327,-0.008405067932588576,2.0
1.2111720922959424,0.9882413249747847,-0.008385425784282904,2.0
1.2154670287934457,0.9882053948483971,-0.008365694442397289,2.0
1.219761965290949,0.9881695498485119,-0.008345874241913348,2.0
1.2240569017884524,0.988133790355341,-0.008325965515835426,2.0
1.2283518382859557,0.9880981167476742,-0.008305968595222459,2.0
1.232646774783459,0.9880625294028879,-0.00828588380923268,2.0
1.2369417112809624,0.9880270286969525,-0.008265711485158145,2.0
1.2412366477784658,0.9879916150044405,-0.008245451948467883,2.0
1.245531584275969,0.9879562886985347,-0.008225105522841432,2.0
1.2498265207734724,0.9879210501510346,-0.008204672530211761,2.0
1.2541214572709758,0.9878858997323648,-0.0081841532907966,2.0
1.2584163937684791,0.9878508378115817,-0.008163548123134719,2.0
1.2627113302659825,0.9878158647563805,-0.008142857344117807,2.0
1.2670062667634858,0.9877809809331025,-0.00812208126901736,2.0
1.2713012032609892,0.9877461867067417,-0.008101220211519865,2.0
1.2755961397584925,0.9877114824409516,-0.008080274483743285,2.0
1.2798910762559959,0.9876768684980518,-0.008059244396272813,2.0
1.2841860127534992,0.9876423452390343,-0.008038130258178448,2.0
1.2884809492510025,0.9876079130235701,-0.008016932377042344,2.0
1.2927758857485059,0.9875735722100155,-0.007995651058985134,2.0
1.2970708222460092,0.9875393231554184,-0.00797428660868662,2.0
1.3013657587435126,0.9875051662155236,-0.007952839329415005,2.0
1.305660695241016,0.9874711017447801,-0.007931309523050104,2.0
1.3099556317385193,0.9874371300963457,-0.007909697490110364,2.0
1.3142505682360226,0.9874032516220932,-0.007888003529775424,2.0
1.318545504733526,0.9873694666726164,-0.007866227939915007,2.0
1.3228404412310293,0.9873357755972351,-0.007844371017114032,2.0
1.3271353777285326,0.9873021787440006,-0.007822433056687214,2.0
1.331430314226036,0.9872686764597015,-0.007800414352716927,2.0
1.3357252507235393,0.9872352690898683,-0.007778315198059931,2.0
1.3400201872210427,0.9872019569787789,-0.00775613588437804,2.0
1.344315123718546,0.9871687404694636,-0.007733876702151282,2.0
1.3486100602160493,0.9871356199037101,-0.007711537940702909,2.0
1.3529049967135527,0.9871025956220686,-0.007689119888212451,2.0
1.357199933211056,0.987069667963856,-0.007666622831735199,2.0
1.3614948697085594,0.9870368372671613,-0.007644047057223107,2.0
1.3657898062060627,0.98700410386885,-0.007621392849539299,2.0
1.370084742703566,0.9869714681045687,-0.00759866049247765,2.0
1.3743796792010694,0.9869389303087497,-0.007575850268780929,2.0
1.3786746156985725,0.9869064908146152,-0.00755296246016006,2.0
1.3829695521960759,0.9868741499541822,-0.007529997347308945,2.0
1.3872644886935792,0.986841908058266,-0.0075069552099258224,2.0
1.3915594251910826,0.986809765456485,-0.007483836326730308,2.0
1.395854361688586,0.9867777224772647,-0.007460640975478994,2.0
1.4001492981860892,0.9867457794478416,-0.007437369432983711,2.0
1.4044442346835926,0.9867139366942673,-0.007414021975125024,2.0
1.408739171181096,0.9866821945414127,-0.0073905988768688344,2.0
1.4130341076785993,0.9866505533129712,-0.007367100412278438,2.0
1.4173290441761026,0.9866190133314633,-0.007343526854529576,2.0
1.421623980673606,0.9865875749182398,-0.007319878475921277,2.0
1.4259189171711093,0.9865562383934857,-0.007296155547886814,2.0
1.4302138536686126,0.986525004076224,-0.0072723583410069835,2.0
1.434508790166116,0.9864938722843191,-0.007248487125017293,2.0
1.4388037266636193,0.9864628433344804,-0.007224542168824564,2.0
1.4430986631611227,0.9864319175422661,-0.0072005237405157844,2.0
1.447393599658626,0.9864010952220863,-0.007176432107372158,2.0
1.4516885361561294,0.9863703766872065,-0.007152267535885262,2.0
1.4559834726536327,0.9863397622497511,-0.007128030291776856,2.0
1.460278409151136,0.9863092522207062,-0.0071037206400181305,2.0
1.4645733456486394,0.9862788469099233,-0.007079338844853836,2.0
1.4688682821461427,0.9862485466261217,-0.007054885169833705,2.0
1.473163218643646,0.9862183516768919,-0.007030359877834802,2.0
1.4774581551411494,0.9861882623686977,-0.007005763231098819,2.0
1.4817530916386528,0.9861582790068798,-0.006981095491256305,2.0
1.486048028136156,0.9861284018956572,-0.006956356919356656,2.0
1.4903429646336595,0.9860986313381304,-0.006931547775883603,2.0
1.4946379011311628,0.9860689676362834,-0.006906668320769378,2.0
1.4989328376286661,0.9860394110909863,-0.006881718813386638,2.0
1.5032277741261695,0.9860099620019974,-0.006856699512537062,2.0
1.5075227106236728,0.9859806206679665,-0.006831610676405216,2.0
1.5118176471211762,0.9859513873864373,-0.0068064525625114065,2.0
1.5161125836186795,0.9859222624538504,-0.00678122542763279,2.0
1.5204075201161829,0.9858932461655473,-0.006755929527716065,2.0
1.5247024566136862,0.9858643388157742,-0.006730565117778548,2.0
1.5289973931111895,0.9858355406976863,-0.006705132451807918,2.0
1.5332923296086929,0.9858068521033531,-0.006679631782666949,2.0
1.5375872661061962,0.9857782733237628,-0.006654063362023681,2.0
1.5418822026036996,0.9857498046488283,-0.00662842744031314,2.0
1.546177139101203,0.9857214463673921,-0.006602724266744858,2.0
1.5504720755987063,0.9856931987672313,-0.0065769540893775656,2.0
1.5547670120962096,0.9856650621350617,-0.0065511171552629305,2.0
1.559061948593713,0.9856370367565417,-0.006525213710671518,2.0
1.5633568850912163,0.9856091229162739,-0.006499244001403832,2.0
1.5676518215887196,0.9855813208978055,-0.006473208273178604,2.0
1.571946758086223,0.9855536309836267,-0.0064471067720999736,2.0
1.5762416945837263,0.985526053455167,-0.0064209397451589715,2.0
1.5805366310812297,0.9854985885927887,-0.006394707440782695,2.0
1.584831567578733,0.985471236675779,-0.006368410109347413,2.0
1.5891265040762363,0.9854439979823392,-0.006342048003661344,2.0
1.5934214405737397,0.9854168727895727,-0.006315621379335574,2.0
1.597716377071243,0.9853898613734721,-0.006289130495014655,2.0
1.6020113135687464,0.985362964008906,-0.006262575612411019,2.0
1.6063062500662497,0.9853361809696066,-0.006235956996103371,2.0
1.610601186563753,0.9853095125281595,-0.00620927491305744,2.0
1.6148961230612564,0.9852829589559967,-0.006182529631860921,2.0
1.6191910595587597,0.9852565205233944,-0.006155721421636745,2.0
1.623485996056263,0.9852301974994766,-0.006128850550680257,2.0
1.6277809325537664,0.9852039901522253,-0.0061019172848175655,2.0
1.6320758690512698,0.9851778987484995,-0.006074921885558382,2.0
1.6363708055487731,0.9851519235540621,-0.006047864608111567,2.0
1.6406657420462765,0.9851260648336158,-0.006020745699353956,2.0
1.6449606785437798,0.9851003228508469,-0.005993565395866696,2.0
1.6492556150412832,0.9850746978684777,-0.005966323922172978,2.0
1.6535505515387865,0.9850491901483238,-0.005939021489290117,2.0
1.6578454880362898,0.9850237999513572,-0.005911658293754372,2.0
1.6621404245337932,0.9849985275377693,-0.005884234517230658,2.0
1.6664353610312965,0.9849733731670338,-0.005856750326824601,2.0
1.6707302975287999,0.9849483370979647,-0.005829205876199581,2.0
1.6750252340263032,0.984923419588765,-0.005801601307548035,2.0
1.6793201705238066,0.9848986208970639,-0.005773936754455958,2.0
1.68361510702131,0.9848739412799382,-0.005746212345638137,2.0
1.6879100435188132,0.984849380993913,-0.005718428209495873,2.0
1.6922049800163166,0.9848249402949404,-0.005690584479376924,2.0
1.69649991651382,0.9848006194383538,-0.005662681299399107,2.0
1.7007948530113233,0.984776418678795,-0.005634718830629658,2.0
1.7050897895088266,0.9847523382701138,-0.005606697257389413,2.0
1.70938472600633,0.9847283784652421,-0.0055786167934175545,2.0
1.7136796625038333,0.984704539516043,-0.005550477687605263,2.0
1.7179745990013366,0.984680821673138,-0.005522280228993957,2.0
1.72226953549884,0.9846572251857177,-0.005494024750749753,2.0
1.7265644719963433,0.984633750301341,-0.0054657116328258116,2.0
1.7308594084938467,0.9846103972657292,-0.005437341303056033,2.0
1.73515434499135,0.9845871663225632,-0.005408914236469225,2.0
1.7394492814888534,0.9845640577132923,-0.005380430952666609,2.0
1.7437442179863567,0.9845410716769628,-0.0053518920111544285,2.0
1.74803915448386,0.9845182084500756,-0.005323298004624383,2.0
1.7523340909813634,0.9844954682664809,-0.005294649550216611,2.0
1.7566290274788667,0.9844728513573188,-0.005265947278911404,2.0
1.76092396397637,0.9844503579510127,-0.005237191823258792,2.0
1.7652189004738734,0.984427988273321,-0.005208383803734023,2.0
1.7695138369713768,0.9844057425474522,-0.005179523814084435,2.0
1.77380877346888,0.9843836209942448,-0.005150612406083775,2.0
1.7781037099663834,0.9843616238324138,-0.005121650074173981,2.0
1.7823986464638868,0.9843397512788611,-0.005092637240482199,2.0
1.7866935829613901,0.9843180035490466,-0.005063574240752342,2.0
1.7909885194588935,0.9842963808574138,-0.0050344613117049835,2.0
1.7952834559563968,0.9842748834178602,-0.005005298580331695,2.0
1.7995783924539002,0.9842535114442452,-0.004976086055598437,2.0
1.8038733289514035,0.9842322651509202,-0.004946823622977585,2.0
1.8081682654489069,0.9842111447532684,-0.004917511042156852,2.0
1.8124632019464102,0.9841901504682405,-0.004888147948198599,2.0
1.8167581384439135,0.9841692825148693,-0.004858733856335031,2.0
1.8210530749414169,0.9841485411147478,-0.0048292681704722815,2.0
1.8253480114389202,0.9841279264924548,-0.004799750195374412,2.0
1.8296429479364236,0.9841074388759136,-0.004770179152412234,2.0
1.833937884433927,0.9840870784966675,-0.00474055419861383,2.0
1.8382328209314303,0.9840668455900626,-0.004710874448698408,2.0
1.8425277574289336,0.9840467403953231,-0.004681138999643916,2.0
1.846822693926437,0.9840267631555137,-0.004651346957289472,2.0
1.8511176304239403,0.984006914117381,-0.0046214974643684365,2.0
1.8554125669214436,0.9839871935310708,-0.004591589729351362,2.0
1.859707503418947,0.9839676016497223,-0.004561623055400484,2.0
1.8640024399164503,0.9839481387289387,-0.004531596868763853,2.0
1.8682973764139537,0.9839288050261423,-0.004501510745878261,2.0
1.872592312911457,0.9839096007998217,-0.004471364438529507,2.0
1.8768872494089603,0.9838905263086813,-0.004441157896395934,2.0
1.8811821859064637,0.9838715818107089,-0.004410891286384763,2.0
1.885477122403967,0.9838527675621753,-0.004380565008231313,2.0
1.8897720589014704,0.9838340838165858,-0.004350179705896581,2.0
1.8940669953989737,0.9838155308236013,-0.004319736274399681,2.0
1.898361931896477,0.983797108827952,-0.004289235861815925,2.0
1.9026568683939804,0.9837788180683632,-0.004258679866278869,2.0
1.9069518048914837,0.9837606587765159,-0.004228069927914532,2.0
1.911246741388987,0.9837426311760635,-0.004197407915767846,2.0
1.9155416778864904,0.9837247354817262,-0.0041666959098750605,2.0
1.9198366143839938,0.9837069718984809,-0.004135936178725518,2.0
1.924131550881497,0.9836893406208671,-0.004105131152474216,2.0
1.9284264873790002,0.9836718418324242,-0.004074283392330273,2.0
1.9327214238765036,0.9836544757052741,-0.004043395556642044,2.0
1.937016360374007,0.9836372423998616,-0.004012470364241337,2.0
1.9413112968715103,0.9836201420648608,-0.003981510555677238,2.0
1.9456062333690136,0.983603174837255,-0.003950518853007119,2.0
1.949901169866517,0.9835863408425916,-0.003919497918820257,2.0
1.9541961063640203,0.983569640195414,-0.0038884503151984983,2.0
1.9584910428615236,0.9835530729998673,-0.0038573784633031084,2.0
1.962785979359027,0.9835366393504705,-0.0038262846042654572,2.0
1.9670809158565303,0.9835203393330505,-0.0037951707620215635,2.0
1.9713758523540337,0.9835041730258225,-0.0037640387087083914,2.0
1.975670788851537,0.9834881405006074,-0.0037328899331626583,2.0
1.9799657253490404,0.9834722418241683,-0.0037017256130376986,2.0
1.9842606618465437,0.983456477059649,-0.0036705465909499,2.0
1.988555598344047,0.9834408462680971,-0.0036393533550268444,2.0
1.9928505348415504,0.9834253495100497,-0.003608146024144742,2.0
1.9971454713390537,0.9834099868471614,-0.0035769243380442688,2.0
2.001440407836557,0.983394758343854,-0.003545687652468869,2.0
2.0057353443340604,0.9833796640689648,-0.0035144349393672575,2.0
2.0100302808315638,0.9833647040973723,-0.0034831647921281235,2.0
2.014325217329067,0.9833498785115785,-0.0034518754357534343,2.0
2.0186201538265705,0.9833351874032269,-0.003420564741792073,2.0
2.022915090324074,0.9833206308745371,-0.003389230247802542,2.0
2.027210026821577,0.9833062090396376,-0.003357869181052494,2.0
2.0315049633190805,0.9832919220257795,-0.0033264784860998963,2.0
2.035799899816584,0.9832777699744177,-0.003295054855886461,2.0
2.040094836314087,0.9832637530421446,-0.0032635947658885534,2.0
2.0443897728115905,0.9832498714014664,-0.0032320945109048766,2.0
2.048684709309094,0.9832361252414115,-0.0032005502439619586,2.0
2.052979645806597,0.9832225147679656,-0.0031689580168883045,2.0
2.0572745823041005,0.9832090402043273,-0.0031373138220251824,2.0
2.061569518801604,0.9831957017909809,-0.0031056136345972442,2.0
2.0658644552991072,0.983182499785588,-0.0030738534552409327,2.0
2.0701593917966106,0.9831694344626967,-0.0030420293522216224,2.0
2.074454328294114,0.9831565061132731,-0.0030101375028748576,2.0
2.0787492647916173,0.9831437150440603,-0.0029781742338396843,2.0
2.0830442012891206,0.9831310615767709,-0.0029461360596848524,2.0
2.087339137786624,0.983118546047123,-0.0029140197195400308,2.0
2.0916340742841273,0.9831061688037279,-0.0028818222114089386,2.0
2.0959290107816306,0.9830939302068424,-0.002849540823858644,2.0
2.100223947279134,0.983081830626997,-0.002817173164817369,2.0
2.1045188837766373,0.9830698704435142,-0.0027847171872722115,2.0
2.1088138202741407,0.9830580500429298,-0.002752171211679448,2.0
2.113108756771644,0.9830463698173334,-0.0027195339449557405,2.0
2.1174036932691473,0.9830348301626421,-0.002686804495946232,2.0
2.1216986297666507,0.9830234314768231,-0.002653982387318077,2.0
2.125993566264154,0.9830121741580807,-0.0026210675638584906,2.0
2.1302885027616574,0.9830010586030231,-0.0025880603971946965,2.0
2.1345834392591607,0.982990085204824,-0.002554961686984559,2.0
2.138878375756664,0.9829792543513939,-0.0025217726586679898,2.0
2.1431733122541674,0.9829685664235754,-0.0024884949578841166,2.0
2.1474682487516707,0.9829580217933762,-0.0024551306416996403,2.0
2.151763185249174,0.9829476208222526,-0.002421682166810241,2.0
2.1560581217466774,0.9829373638594561,-0.002388152374891768,2.0
2.160353058244181,0.982927251240454,-0.0023545444753198504,2.0
2.164647994741684,0.9829172832854353,-0.0023208620254513653,2.0
2.1689429312391875,0.9829074602979094,-0.002287108908714841,2.0
2.173237867736691,0.9828977825634093,-0.0022532893107353185,2.0
2.177532804234194,0.9828882503483026,-0.0022194076937418587,2.0
2.1818277407316975,0.9828788638987204,-0.0021854687695044652,2.0
2.186122677229201,0.9828696234396065,-0.0021514774710403063,2.0
2.190417613726704,0.9828605291738933,-0.002117438923351389,2.0
2.1947125502242075,0.9828515812818062,-0.0020833584134135443,2.0
2.199007486721711,0.9828427799202982,-0.0020492413596826325,2.0
2.203302423219214,0.9828341252226185,-0.0020150932813131554,2.0
2.2075973597167176,0.9828256172980111,-0.0019809197673524175,2.0
2.211892296214221,0.9828172562315471,-0.0019467264460804152,2.0
2.2161872327117242,0.9828090420840864,-0.001912518954722522,2.0
2.2204821692092276,0.9828009748923661,-0.0018783029097169904,2.0
2.224777105706731,0.9827930546692153,-0.0018440838777007108,2.0
2.2290720422042343,0.9827852814038893,-0.001809867347391929,2.0
2.2333669787017376,0.9827776550625209,-0.0017756587024987274,2.0
2.237661915199241,0.9827701755886822,-0.0017414631958023198,2.0
2.2419568516967443,0.9827628429040534,-0.0017072859245145246,2.0
2.2462517881942476,0.9827556569091902,-0.001673131807030254,2.0
2.250546724691751,0.982748617484386,-0.001639005561150926,2.0
2.2548416611892543,0.9827417244906198,-0.0016049116838564783,2.0
2.2591365976867577,0.9827349777705846,-0.0015708544326873961,2.0
2.263431534184261,0.9827283771497889,-0.0015368378087805773,2.0
2.2677264706817644,0.9827219224377234,-0.0015028655415998589,2.0
2.2720214071792677,0.9827156134290861,-0.001468941075365528,2.0
2.276316343676771,0.9827094499050583,-0.001435067557213019,2.0
2.2806112801742744,0.9827034316346237,-0.0014012478270657533,2.0
2.2849062166717777,0.9826975583759249,-0.001367484409208399,2.0
2.289201153169281,0.9826918298776468,-0.0013337795055514724,2.0
2.2934960896667844,0.9826862458804243,-0.0013001349905399312,2.0
2.2977910261642878,0.9826808061182626,-0.0012665524076785272,2.0
2.302085962661791,0.9826755103199672,-0.001233032967625904,2.0
2.3063808991592945,0.9826703582105756,-0.0011995775477977914,2.0
2.310675835656798,0.9826653495127831,-0.0011661866934300573,2.0
2.314970772154301,0.9826604839483595,-0.0011328606200270385,2.0
2.3192657086518045,0.9826557612395491,-0.0010995992171422533,2.0
2.323560645149308,0.9826511811104489,-0.0010664020534029775,2.0
2.327855581646811,0.9826467432883603,-0.0010332683827138358,2.0
2.3321505181443145,0.9826424475051094,-0.0010001971515630626,2.0
2.336445454641818,0.9826382934983316,-0.0009671870073485483,2.0
2.340740391139321,0.9826342810127167,-0.00093423630764732,2.0
2.3450353276368245,0.9826304098012094,-0.0009013431303410445,2.0
2.349330264134328,0.9826266796261646,-0.0008685052845349165,2.0
2.3536252006318312,0.9826230902604512,-0.0008357203221618294,2.0
2.3579201371293346,0.9826196414885046,-0.0008029855502296662,2.0
2.362215073626838,0.9826163331073232,-0.0007702980435902119,2.0
2.3665100101243413,0.9826131649274091,-0.0007376546581976014,2.0
2.3708049466218446,0.9826101367736495,-0.0007050520447486315,2.0
2.375099883119348,0.982607248486138,-0.00067248666264873,2.0
2.3793948196168513,0.9826044999209355,-0.0006399547942341974,2.0
2.3836897561143546,0.9826018909507686,-0.0006074525591740414,2.0
2.387984692611858,0.9825994214656659,-0.0005749759289982877,2.0
2.3922796291093613,0.9825970913735318,-0.00054252074168516,2.0
2.3965745656068647,0.982594900600657,-0.0005100827162501396,2.0
2.400869502104368,0.9825928490921675,-0.0004776574672835723,2.0
2.4051644386018713,0.9825909368124106,-0.0004452405193804974,2.0
2.4094593750993747,0.9825891637452806,-0.00041282732142441394,2.0
2.413754311596878,0.9825875298944833,-0.0003804132606674437,2.0
2.4180492480943814,0.9825860352837409,-0.0003479936765739156,2.0
2.4223441845918847,0.9825846799569395,-0.0003155638743835534,2.0
2.426639121089388,0.982583463978219,-0.00028311913836759855,2.0
2.4309340575868914,0.9825823874320077,-0.00025065474473360655,2.0
2.4352289940843947,0.9825814504230027,-0.0002181659741570078,2.0
2.439523930581898,0.9825806530760995,-0.00018564812392305575,2.0
2.4438188670794014,0.9825799955362697,-0.00015309651962815076,2.0
2.448113803576905,0.9825794779683911,-0.0001205065264620071,2.0
2.452408740074408,0.982579100557031,-8.78735600100243e-05,2.0
2.4567036765719115,0.9825788635061861,-5.5193096597772314e-05,2.0
2.460998613069415,0.9825787670389783,-2.2460683142845293e-05,2.0
2.465293549566918,0.9825788113973122,1.032805348713312e-05,2.0
2.4695884860644215,0.9825789968414931,4.317739761256634e-05,2.0
2.473883422561925,0.9825793236498099,7.609153639348635e-05,2.0
2.478178359059428,0.9825797921180842,0.00010907455198120043,2.0
2.4824732955569315,0.9825804025591875,0.00014213041418580666,2.0
2.486768232054435,0.9825811553025298,0.00017526297364906605,2.0
2.491063168551938,0.98258205069352,0.00020847595552307387,2.0
2.4953581050494416,0.9825830890930027,0.00024177295365052543,2.0
2.499653041546945,0.982584270876671,0.0002751574252356215,2.0
2.5039479780444482,0.9825855964344584,0.00030863268601147797,2.0
2.5082429145419516,0.9825870661699135,0.00034220190587870005,2.0
2.512537851039455,0.982588680499556,0.0003758681050176664,2.0
2.5168327875369583,0.9825904398522195,0.0004096341504599159,2.0
2.5211277240344616,0.9825923446683805,0.00044350275310646616,2.0
2.525422660531965,0.9825943953994776,0.0004774764651847647,2.0
2.5297175970294683,0.9825965925072199,0.0005115576781223618,2.0
2.5340125335269716,0.98259893646289,0.0005457486208368648,2.0
2.538307470024475,0.9826014277466397,0.0005800513584165001,2.0
2.5426024065219783,0.9826040668467826,0.0006144677911839807,2.0
2.5468973430194817,0.9826068542590839,0.0006489996541230973,2.0
2.551192279516985,0.9826097904860496,0.0006836485166608408,2.0
2.5554872160144884,0.9826128760362154,0.0007184157827797159,2.0
2.5597821525119917,0.9826161114234386,0.0007533026914557098,2.0
2.564077089009495,0.9826194971661921,0.0007883103173963536,2.0
2.5683720255069984,0.9826230337868637,0.0008234395720693621,2.0
2.5726669620045017,0.9826267218110601,0.0008586912050055834,2.0
2.576961898502005,0.9826305617669188,0.0008940658053614335,2.0
2.5812568349995084,0.9826345541844261,0.0009295638037185717,2.0
2.5855517714970118,0.9826386995947458,0.0009651854741203767,2.0
2.589846707994515,0.9826429985295556,0.0010009309363132417,2.0
2.5941416444920185,0.9826474515203957,0.0010368001581901461,2.0
2.598436580989522,0.9826520590980271,0.0010727929584222287,2.0
2.602731517487025,0.9826568217918034,0.0011089090092512492,2.0
2.6070264539845285,0.982661740129054,0.0011451478394491408,2.0
2.611321390482032,0.982666814634482,0.00118150883741123,2.0
2.615616326979535,0.9826720458295741,0.0012179912543900983,2.0
2.6199112634770385,0.9826774342320269,0.001254594207839656,2.0
2.624206199974542,0.9826829803551865,0.0012913166848659966,2.0
2.628501136472045,0.9826886847075044,0.0013281575457780603,2.0
2.6327960729695485,0.9826945477920076,0.0013651155277137647,2.0
2.637091009467052,0.9827005701057867,0.0014021892483443673,2.0
2.6413859459645552,0.9827067521394981,0.0014393772096353724,2.0
2.6456808824620586,0.9827130943768835,0.001476677801659002,2.0
2.649975818959562,0.9827195972943062,0.0015140893064563513,2.0
2.6542707554570653,0.9827262613603038,0.0015516099019185763,2.0
2.6585656919545686,0.9827330870351575,0.00158923766570172,2.0
2.662860628452072,0.9827400747704783,0.0016269705791517185,2.0
2.6671555649495753,0.9827472250088106,0.0016648065312358266,2.0
2.6714505014470786,0.9827545381832522,0.0017027433224776928,2.0
2.675745437944582,0.9827620147170912,0.0017407786688756165,2.0
2.6800403744420853,0.9827696550234599,0.001778910205810956,2.0
2.6843353109395887,0.9827774595050052,0.0018171354919341853,2.0
2.688630247437092,0.9827854285535753,0.0018554520130216272,2.0
2.6929251839345953,0.9827935625499237,0.0018938571857940098,2.0
2.6972201204320987,0.9828018618634282,0.001932348361703931,2.0
2.701515056929602,0.9828103268518275,0.001970922830669213,2.0
2.7058099934271054,0.9828189578609716,0.0020095778247642055,2.0
2.7101049299246087,0.9828277552245902,0.002048310521857869,2.0
2.714399866422112,0.9828367192640742,0.0020871180491872318,2.0
2.7186948029196154,0.9828458502882742,0.0021259974868809454,2.0
2.7229897394171187,0.9828551485933125,0.0021649458714117983,2.0
2.727284675914622,0.9828646144624101,0.0022039601989916886,2.0
2.7315796124121254,0.9828742481657288,0.002243037428889253,2.0
2.735874548909629,0.9828840499602254,0.002282174486691391,2.0
2.740169485407132,0.9828940200895215,0.0023213682674818,2.0
2.7444644219046355,0.9829041587837859,0.0023606156389583202,2.0
2.748759358402139,0.9829144662596294,0.002399913444473259,2.0
2.7530542948996417,0.9829249427200137,0.002439258506003347,2.0
2.757349231397145,0.9829355883541716,0.0024786476270477636,2.0
2.7616441678946484,0.9829464033375398,0.0025180775954503657,2.0
2.7659391043921517,0.9829573878317038,0.0025575451861553048,2.0
2.770234040889655,0.9829685419843538,0.002597047163885625,2.0
2.7745289773871584,0.9829798659292517,0.0026365802857470635,2.0
2.7788239138846618,0.9829913597862097,0.0026761413037667834,2.0
2.783118850382165,0.983003023661079,0.002715726967352104,2.0
2.7874137868796685,0.9830148576457486,0.0027553340256766447,2.0
2.791708723377172,0.9830268618181546,0.002794959229996974,2.0
2.796003659874675,0.983039036242298,0.0028345993358916926,2.0
2.8002985963721785,0.9830513809682737,0.0028742511054195207,2.0
2.804593532869682,0.9830638960323062,0.0029139113092117603,2.0
2.808888469367185,0.9830765814567954,0.002953576728476018,2.0
2.8131834058646885,0.983089437250371,0.002993244156927008,2.0
2.817478342362192,0.9831024634079529,0.0030329104026327004,2.0
2.821773278859695,0.9831156599108215,0.0030725722897770404,2.0
2.8260682153571985,0.9831290267266936,0.0031122266603444324,2.0
2.830363151854702,0.9831425638098056,0.003151870375710944,2.0
2.8346580883522052,0.9831562711010038,0.0031915003181545113,2.0
2.8389530248497086,0.9831701485278398,0.0032311133922756263,2.0
2.843247961347212,0.9831841960046723,0.00327070652632994,2.0
2.8475428978447153,0.983198413432774,0.003310276673477549,2.0
2.8518378343422186,0.9832128007004436,0.003349820812937665,2.0
2.856132770839722,0.9832273576831221,0.003389335951066389,2.0
2.8604277073372253,0.983242084243514,0.003428819122346951,2.0
2.8647226438347286,0.9832569802317117,0.003468267390298511,2.0
2.869017580332232,0.9832720454853239,0.0035076778483115975,2.0
2.8733125168297353,0.9832872798296072,0.0035470476204107326,2.0
2.8776074533272387,0.9833026830776005,0.0035863738619464646,2.0
2.881902389824742,0.9833182550302626,0.0036256537602290815,2.0
2.8861973263222453,0.9833339954766116,0.003664884535106999,2.0
2.8904922628197487,0.9833499041938669,0.003704063439497568,2.0
2.894787199317252,0.9833659809475938,0.0037431877598708544,2.0
2.8990821358147554,0.983382225491849,0.003782254816709959,2.0
2.9033770723122587,0.9833986375693287,0.0038212619649370333,2.0
2.907672008809762,0.9834152169115186,0.0038602065943242527,2.0
2.9119669453072654,0.9834319632388447,0.003899086129889068,2.0
2.9162618818047688,0.9834488762608271,0.003937898032291789,2.0
2.920556818302272,0.983465955676234,0.003976639798222869,2.0
2.9248517547997754,0.9834832011732385,0.004015308960803806,2.0
2.929146691297279,0.9835006124295771,0.0040539030899947965,2.0
2.933441627794782,0.9835181891127092,0.004092419793008683,2.0
2.9377365642922855,0.9835359308799793,0.004130856714746163,2.0
2.942031500789789,0.9835538373787807,0.004169211538234861,2.0
2.946326437287292,0.983571908246721,0.004207481985085335,2.0
2.9506213737847955,0.9835901431117902,0.004245665815947633,2.0
2.954916310282299,0.9836085415925298,0.004283760830976927,2.0
2.959211246779802,0.9836271032982048,0.004321764870290288,2.0
2.9635061832773055,0.9836458278289774,0.0043596758144135135,2.0
2.967801119774809,0.983664714776082,0.004397491584704373,2.0
2.972096056272312,0.9836837637220025,0.004435210143751852,2.0
2.9763909927698156,0.9837029742406508,0.0044728294957291324,2.0
2.980685929267319,0.9837223458975468,0.004510347686691369,2.0
2.9849808657648222,0.9837418782499993,0.004547762804820564,2.0
2.9892758022623256,0.9837615708472873,0.004585072980581585,2.0
2.993570738759829,0.9837814232308426,0.004622276386805494,2.0
2.9978656752573323,0.983801434934431,0.004659371238667079,2.0
3.0021606117548356,0.983821605484334,0.004696355793560929,2.0
3.006455548252339,0.9838419343995292,0.004733228350866948,2.0
3.0107504847498423,0.9838624211918686,0.004769987251590849,2.0
3.0150454212473456,0.9838830653662561,0.00480663087789022,2.0
3.019340357744849,0.9839038664208208,0.004843157652466921,2.0
3.0236352942423523,0.9839248238470888,0.004879566037842192,2.0
3.0279302307398557,0.9839459371301498,0.004915854535506945,2.0
3.032225167237359,0.9839672057488209,0.004952021684956411,2.0
3.0365201037348624,0.9839886291758052,0.004988066062622667,2.0
3.0408150402323657,0.9840102068778451,0.005023986280703582,2.0
3.045109976729869,0.9840319383158709,0.005059780985914866,2.0
3.0494049132273724,0.984053822945143,0.005095448858173061,2.0
3.0536998497248757,0.9840758602153891,0.0051309886092312925,2.0
3.057994786222379,0.9840980495709345,0.005166398981285027,2.0
3.0622897227198824,0.9841203904508271,0.0052016787455689845,2.0
3.0665846592173858,0.9841428822889562,0.005236826700976833,2.0
3.070879595714889,0.9841655245141654,0.005271841672704468,2.0
3.0751745322123925,0.9841883165503599,0.005306722510974167,2.0
3.079469468709896,0.9842112578166091,0.005341468089827139,2.0
3.083764405207399,0.9842343477272442,0.005376077306036122,2.0
3.0880593417049025,0.9842575856919514,0.005410549078138604,2.0
3.092354278202406,0.9842809711158623,0.0054448823456265,2.0
3.096649214699909,0.9843045033996406,0.005479076068296066,2.0
3.1009441511974125,0.9843281819395678,0.005513129225783145,2.0
3.105239087694916,0.9843520061276272,0.005547040817288862,2.0
3.109534024192419,0.984375975351587,0.0055808098615154405,2.0
3.1138289606899225,0.9844000889950856,0.005614435396791245,2.0
3.118123897187426,0.9844243464377165,0.005647916481423763,2.0
3.1224188336849292,0.9844487470551171,0.005681252194245688,2.0
3.1267137701824326,0.9844732902190596,0.0057144416353591704,2.0
3.131008706679936,0.9844979752975468,0.005747483927070851,2.0
3.1353036431774393,0.9845228016549117,0.0057803782149934155,2.0
3.1395985796749426,0.9845477686519235,0.005813123669301522,2.0
3.143893516172446,0.9845728756458986,0.00584571948611652,2.0
3.1481884526699493,0.9845981219908186,0.005878164888988661,2.0
3.1524833891674526,0.984623507037455,0.005910459130462413,2.0
3.156778325664956,0.9846490301335004,0.005942601493673967,2.0
3.1610732621624593,0.9846746906237065,0.005974591293961366,2.0
3.1653681986599627,0.9847004878500298,0.006006427880445306,2.0
3.169663135157466,0.984726421151783,0.006038110637550627,2.0
3.1739580716549693,0.9847524898657924,0.006069638986419921,2.0
3.1782530081524727,0.9847786933265616,0.006101012386204195,2.0
3.182547944649976,0.9848050308664392,0.006132230335168639,2.0
3.1868428811474794,0.9848315018157908,0.006163292371607844,2.0
3.1911378176449827,0.9848581055031739,0.006194198074517695,2.0
3.195432754142486,0.9848848412555141,0.006224947064011202,2.0
3.1997276906399894,0.984911708398283,0.006255539001442664,2.0
3.2040226271374928,0.9849387062556737,0.006285973589229726,2.0
3.208317563634996,0.9849658341507757,0.006316250570342943,2.0
3.2126125001324994,0.9849930914057449,0.006346369727472547,2.0
3.216907436630003,0.9850204773419695,0.006376330881844344,2.0
3.221202373127506,0.9850479912802288,0.00640613389169457,2.0
3.2254973096250095,0.9850756325408443,0.006435778650406257,2.0
3.229792246122513,0.9851034004438209,0.006465265084323924,2.0
3.234087182620016,0.9851312943089784,0.0064945931502407425,2.0
3.2383821191175195,0.9851593134560692,0.006523762832604299,2.0
3.242677055615023,0.985187457204885,0.006552774140450926,2.0
3.246971992112526,0.9852157248753474,0.006581627104097818,2.0
3.2512669286100295,0.9852441157875846,0.006610321771637397,2.0
3.255561865107533,0.9852726292619922,0.006638858205268253,2.0
3.259856801605036,0.9853012646192769,0.006667236477497055,2.0
3.2641517381025396,0.9853300211804846,0.006695456667270534,2.0
3.268446674600043,0.9853588982670112,0.006723518856068953,2.0
3.2727416110975462,0.9853878952005967,0.006751423124029124,2.0
3.2770365475950496,0.9854170113033031,0.006779169546124084,2.0
3.281331484092553,0.9854462458974764,0.006806758188469684,2.0
3.2856264205900563,0.9854755983056934,0.006834189104794394,2.0
3.2899213570875596,0.9855050678506942,0.006861462333129648,2.0
3.294216293585063,0.9855346538553017,0.006888577892755349,2.0
3.2985112300825663,0.9855643556423292,0.006915535781460852,2.0
3.3028061665800696,0.9855941725344782,0.00694233597314975,2.0
3.307101103077573,0.9856241038542267,0.006968978415825415,2.0
3.3113960395750763,0.9856541489237112,0.006995463029999687,2.0
3.3156909760725797,0.9856843070646039,0.0070217897075440655,2.0
3.319985912570083,0.9857145775979866,0.007047958311006858,2.0
3.3242808490675864,0.9857449598442243,0.007073968673417441,2.0
3.3285757855650897,0.9857754531228389,0.0070998205985882265,2.0
3.332870722062593,0.9858060567523879,0.00712551386191171,2.0
3.3371656585600964,0.9858367700503475,0.007151048211665187,2.0
3.3414605950575997,0.9858675923330044,0.007176423370806667,2.0
3.345755531555103,0.9858985229153558,0.007201639039246932,2.0
3.3500504680526064,0.9859295611110235,0.007226694896587228,2.0
3.3543454045501098,0.9859607062321791,0.00725159060529381,2.0
3.358640341047613,0.9859919575894865,0.007276325814273291,2.0
3.3629352775451165,0.9860233144920605,0.0073009001628201045,2.0
3.36723021404262,0.9860547762474434,0.0073253132848928385,2.0
3.371525150540123,0.9860863421616024,0.00734956481367794,2.0
3.3758200870376265,0.9861180115389464,0.007373654386381138,2.0
3.38011502353513,0.9861497836823648,0.007397581649212519,2.0
3.384409960032633,0.9861816578932883,0.007421346262490545,2.0
3.3887048965301365,0.986213633471771,0.0074449479058292965,2.0
3.39299983302764,0.9862457097165968,0.007468386283330686,2.0
3.397294769525143,0.9862778859254056,0.007491661128741927,2.0
3.4015897060226465,0.9863101613948428,0.00751477221049881,2.0
3.40588464252015,0.9863425354207297,0.007537719336626344,2.0
3.4101795790176532,0.9863750072982526,0.007560502359399948,2.0
3.4144745155151566,0.9864075763221725,0.007583121179756445,2.0
3.41876945201266,0.9864402417870515,0.007605575751363916,2.0
3.4230643885101633,0.9864730029874951,0.007627866084328829,2.0
3.4273593250076666,0.9865058592184087,0.007649992248477816,2.0
3.43165426150517,0.9865388097752662,0.007671954376184657,2.0
3.4359491980026733,0.9865718539543885,0.007693752664690363,2.0
3.4402441345001766,0.9866049910532303,0.007715387377904292,2.0
3.44453907099768,0.9866382203706711,0.007736858847642584,2.0
3.4488340074951833,0.9866715412073102,0.007758167474287,2.0
3.4531289439926867,0.9867049528657611,0.007779313726853635,2.0
3.45742388049019,0.9867384546509446,0.007800298142460229,2.0
3.4617188169876933,0.9867720458703755,0.007821121325175368,2.0
3.4660137534851967,0.9868057258344433,0.007841783944277566,2.0
3.4703086899827,0.9868394938566819,0.007862286731902644,2.0
3.4746036264802034,0.9868733492540273,0.007882630480115506,2.0
3.4788985629777067,0.9869072913470593,0.007902816037413909,2.0
3.48319349947521,0.9869413194602276,0.007922844304693245,2.0
3.4874884359727134,0.9869754329220561,0.007942716230700989,2.0
3.4917833724702168,0.9870096310653279,0.007962432807013342,2.0
3.49607830896772,0.987043913227245,0.007981995062580101,2.0
3.5003732454652234,0.9870782787495644,0.008001404057869291,2.0
3.504668181962727,0.9871127269787063,0.008020660878671766,2.0
3.50896311846023,0.9871472572658352,0.008039766629602166,2.0
3.5132580549577335,0.9871818689669117,0.008058722427362526,2.0
3.517552991455237,0.9872165614427149,0.008077529393808371,2.0
3.52184792795274,0.9872513340588337,0.008096188648888655,2.0
3.5261428644502435,0.9872861861856285,0.008114701303502277,2.0
3.530437800947747,0.9873211171981612,0.008133068452346185,2.0
3.53473273744525,0.9873561264760952,0.008151291166793133,2.0
3.5390276739427535,0.9873912134035652,0.008169370487877433,2.0
3.543322610440257,0.9874263773690172,0.008187307419428556,2.0
3.54761754693776,0.9874616177650202,0.008205102921417493,2.0
3.5519124834352636,0.9874969339880504,0.008222757903571706,2.0
3.556207419932767,0.9875323254382493,0.008240273219296011,2.0
3.5605023564302702,0.9875677915191575,0.008257649659968372,2.0
3.5647972929277736,0.9876033316374252,0.008274887949635034,2.0
3.569092229425277,0.9876389452025023,0.008291988740168638,2.0
3.5733871659227803,0.9876746316263096,0.008308952606902049,2.0
3.5776821024202836,0.9877103903228942,0.008325780044803917,2.0
3.581977038917787,0.9877462207080694,0.00834247146519315,2.0
3.5862719754152903,0.9877821221990444,0.00835902719304327,2.0
3.5905669119127936,0.9878180942140442,0.008375447464888178,2.0
3.594861848410297,0.9878541361719236,0.008391732427339165,2.0
3.5991567849078003,0.9878902474917772,0.008407882136240519,2.0
3.6034517214053037,0.9879264275925488,0.008423896556458279,2.0
3.607746657902807,0.9879626758926421,0.008439775562304267,2.0
3.6120415944003104,0.9879989918095369,0.008455518938608434,2.0
3.6163365308978137,0.9880353747594116,0.008471126382406215,2.0
3.620631467395317,0.9880718241567765,0.008486597505256191,2.0
3.6249264038928204,0.9881083394141189,0.008501931836153592,2.0
3.6292213403903237,0.9881449199415635,0.008517128825031065,2.0
3.633516276887827,0.9881815651465503,0.0085321878468085,2.0
3.6378112133853304,0.9882182744335323,0.008547108205987818,2.0
3.6421061498828338,0.9882550472036946,0.008561889141730221,2.0
3.646401086380337,0.988291882854698,0.00857652983341412,2.0
3.6506960228778405,0.9883287807804476,0.008591029406609227,2.0
3.654990959375344,0.988365740370889,0.008605386939444588,2.0
3.659285895872847,0.9884027610118334,0.008619601469319622,2.0
3.6635808323703505,0.9884398420848134,0.008633671999920375,2.0
3.667875768867854,0.9884769829669683,0.008647597508484926,2.0
3.672170705365357,0.9885141830309636,0.008661376953289255,2.0
3.6764656418628605,0.988551441644942,0.008675009281282694,2.0
3.680760578360364,0.9885887581725079,0.008688493435847417,2.0
3.685055514857867,0.9886261319727461,0.008701828364613057,2.0
3.6893504513553705,0.9886635624002732,0.008715013027299405,2.0
3.693645387852874,0.9887010488053236,0.008728046403515747,2.0
3.6979403243503772,0.9887385905338675,0.00874092750049071,2.0
3.7022352608478806,0.9887761869277626,0.008753655360670647,2.0
3.706530197345384,0.9888138373249372,0.008766229069157016,2.0
3.7108251338428873,0.9888515410596043,0.008778647760919472,2.0
3.7151200703403906,0.9888892974625058,0.008790910627762313,2.0
3.719415006837894,0.988927105861185,0.008803016924995138,2.0
3.7237099433353973,0.9889649655802872,0.008814965977770442,2.0
3.7280048798329006,0.9890028759418845,0.008826757187057823,2.0
3.732299816330404,0.989040836265826,0.00883839003521475,2.0
3.7365947528279073,0.9890788458701089,0.008849864091135504,2.0
3.7408896893254107,0.9891169040712711,0.008861179014941477,2.0
3.745184625822914,0.9891550101848003,0.008872334562193428,2.0
3.7494795623204173,0.9891931635255604,0.008883330587608686,2.0
3.7537744988179207,0.9892313634082308,0.008894167048254954,2.0
3.758069435315424,0.9892696091477577,0.008904844006220276,2.0
3.7623643718129274,0.9893079000598141,0.008915361630738155,2.0
3.7666593083104307,0.9893462354612665,0.00892572019976137,2.0
3.770954244807934,0.9893846146706471,0.008935920100985097,2.0
3.7752491813054374,0.9894230370086259,0.008945961832306334,2.0
3.7795441178029408,0.9894615017984848,0.008955846001734826,2.0
3.783839054300444,0.9895000083665869,0.008965573326752277,2.0
3.7881339907979474,0.989538556042842,0.00897514463311982,2.0
3.792428927295451,0.9895771441611643,0.008984560853159235,2.0
3.796723863792954,0.98961577205992,0.008993823023510768,2.0
3.8010188002904575,0.9896544390823642,0.009002932282381167,2.0
3.805313736787961,0.9896931445770625,0.00901188986630318,2.0
3.809608673285464,0.9897318878982978,0.009020697106426988,2.0
3.8139036097829675,0.9897706684064589,0.009029355424363707,2.0
3.818198546280471,0.9898094854684089,0.009037866327601557,2.0
3.822493482777974,0.989848338457833,0.009046231404525427,2.0
3.8267884192754775,0.9898872267555631,0.009054452319063443,2.0
3.831083355772981,0.9899261497498771,0.009062530804992384,2.0
3.835378292270484,0.9899651068367741,0.009070468659921532,2.0
3.8396732287679876,0.9900040974202204,0.009078267739004435,2.0
3.843968165265491,0.9900431209123696,0.009085929948387854,2.0
3.848263101762994,0.9900821767337514,0.009093457238446163,2.0
3.852558038260497,0.9901212643134331,0.009100851596827414,2.0
3.8568529747580005,0.9901603830891476,0.009108115041348574,2.0
3.861147911255504,0.9901995325073932,0.009115249612755767,2.0
3.865442847753007,0.9902387120235002,0.009122257367420675,2.0
3.8697377842505105,0.990277921101666,0.00912914036995461,2.0
3.874032720748014,0.9903171592149591,0.009135900685820687,2.0
3.878327657245517,0.990356425845291,0.00914254037394316,2.0
3.8826225937430205,0.9903957204833567,0.009149061479364846,2.0
3.886917530240524,0.9904350426285432,0.0091554660259702,2.0
3.8912124667380272,0.9904743917888088,0.009161756009315819,2.0
3.8955074032355306,0.9905137674805304,0.009167933389586548,2.0
3.899802339733034,0.9905531692283224,0.009174000084711033,2.0
3.9040972762305373,0.9905925965648261,0.009179957963666706,2.0
3.9083922127280406,0.9906320490304721,0.00918580883998352,2.0
3.912687149225544,0.9906715261732147,0.009191554465496425,2.0
3.9169820857230473,0.9907110275482418,0.009197196524340843,2.0
3.9212770222205506,0.990750552717659,0.009202736627235393,2.0
3.925571958718054,0.9907901012501513,0.009208176306053773,2.0
3.9298668952155573,0.9908296727206224,0.009213517008718062,2.0
3.9341618317130607,0.9908692667098137,0.009218760094418046,2.0
3.938456768210564,0.9909088828039039,0.009223906829176084,2.0
3.9427517047080674,0.9909485205940917,0.00922895838177416,2.0
3.9470466412055707,0.990988179676162,0.009233915820046647,2.0
3.951341577703074,0.9910278596500384,0.009238780107550724,2.0
3.9556365142005774,0.991067560119322,0.009243552100625862,2.0
3.9599314506980807,0.9911072806908205,0.009248232545847895,2.0
3.964226387195584,0.9911470209740677,0.009252822077871821,2.0
3.9685213236930874,0.9911867805808346,0.00925732121768115,2.0
3.9728162601905908,0.9912265591246361,0.009261730371240355,2.0
3.977111196688094,0.9912663562202324,0.009266049828537277,2.0
3.9814061331855974,0.9913061714831287,0.009270279763032725,2.0
3.985701069683101,0.9913460045290742,0.00927442023150369,2.0
3.989996006180604,0.9913858549735616,0.009278471174273495,2.0
3.9942909426781075,0.99142572243133,0.00928243241583091,2.0
3.998585879175611,0.9914656065158712,0.009286303665818512,2.0
4.002880815673114,0.9915055068389428,0.009290084520398156,2.0
4.0071757521706175,0.9915454230100876,0.009293774463968429,2.0
4.011470688668121,0.9915853546361632,0.009297372871227911,2.0
4.015765625165624,0.9916253013208802,0.009300879009581231,2.0
4.0200605616631275,0.9916652626643543,0.009304292041858942,2.0
4.024355498160631,0.9917052382626688,0.009307611029352871,2.0
4.028650434658134,0.9917452277074539,0.009310834935140826,2.0
4.032945371155638,0.99178523058548,0.00931396262769115,2.0
4.037240307653141,0.9918252464782676,0.009316992884737484,2.0
4.041535244150644,0.991865274961716,0.009319924397385925,2.0
4.045830180648148,0.991905315605749,0.00932275577446869,2.0
4.050125117145651,0.9919453679739821,0.00932548554709787,2.0
4.054420053643154,0.9919854316234086,0.009328112173424427,2.0
4.058714990140658,0.9920255061041071,0.009330634043565286,2.0
4.063009926638161,0.992065590958972,0.009333049484697735,2.0
4.067304863135664,0.9921056857234647,0.009335356766295235,2.0
4.071599799633168,0.9921457899253897,0.009337554105480308,2.0
4.075894736130671,0.9921859030846927,0.009339639672492165,2.0
4.080189672628174,0.9922260247132828,0.009341611596235347,2.0
4.084484609125678,0.99226615431488,0.009343467969903149,2.0
4.088779545623181,0.9923062913848854,0.009345206856647647,2.0
4.093074482120684,0.9923464354102769,0.009346826295297738,2.0
4.097369418618188,0.9923865858695295,0.0093483243060763,2.0
4.101664355115691,0.9924267422325601,0.009349698896335825,2.0
4.105959291613194,0.9924669039606963,0.009350948066272262,2.0
4.110254228110698,0.9925070705066702,0.009352069814608312,2.0
4.114549164608201,0.9925472413146369,0.009353062144231252,2.0
4.118844101105704,0.9925874158202155,0.009353923067769887,2.0
4.123139037603208,0.9926275934505551,0.009354650613097709,2.0
4.127433974100711,0.9926677736244233,0.009355242828743096,2.0
4.1317289105982145,0.9927079557523177,0.009355697789201705,2.0
4.136023847095718,0.9927481392366001,0.009356013600127132,2.0
4.140318783593221,0.9927883234716514,0.009356188403401524,2.0
4.1446137200907245,0.992828507844049,0.00935622038205779,2.0
4.148908656588228,0.9928686922164466,0.00935622038205779,1.0
4.153203593085731,0.9929088765888442,0.00935622038205779,1.0
4.1574985295832345,0.9929490609612418,0.00935622038205779,1.0
4.161793466080738,0.9929892453336394,0.00935622038205779,1.0
4.166088402578241,0.993029429706037,0.00935622038205779,1.0
4.1703833390757445,0.9930696140784346,0.00935622038205779,1.0
4.174678275573248,0.9931097984508322,0.00935622038205779,1.0
4.178973212070751,0.9931499828232299,0.00935622038205779,1.0
4.183268148568255,0.9931901671956275,0.00935622038205779,1.0
4.187563085065758,0.9932303515680251,0.00935622038205779,1.0
4.191858021563261,0.9932705359404227,0.00935622038205779,1.0
4.196152958060765,0.9933107203128203,0.00935622038205779,1.0
4.200447894558268,0.9933509046852179,0.00935622038205779,1.0
4.204742831055771,0.9933910890576155,0.00935622038205779,1.0
4.209037767553275,0.9934312734300131,0.00935622038205779,1.0
4.213332704050778,0.9934714578024108,0.00935622038205779,1.0
4.217627640548281,0.9935116421748084,0.00935622038205779,1.0
4.221922577045785,0.993551826547206,0.00935622038205779,1.0
4.226217513543288,0.9935920109196036,0.00935622038205779,1.0
4.230512450040791,0.9936321952920012,0.00935622038205779,1.0
4.234807386538295,0.9936723796643988,0.00935622038205779,1.0
4.239102323035798,0.9937125640367964,0.00935622038205779,1.0
4.243397259533301,0.993752748409194,0.00935622038205779,1.0
4.247692196030805,0.9937929327815916,0.00935622038205779,1.0
4.251987132528308,0.9938331171539893,0.00935622038205779,1.0
4.256282069025811,0.9938733015263869,0.00935622038205779,1.0
4.260577005523315,0.9939134858987845,0.00935622038205779,1.0
4.264871942020818,0.9939536702711821,0.00935622038205779,1.0
4.269166878518321,0.9939938546435797,0.00935622038205779,1.0
4.273461815015825,0.9940340390159773,0.00935622038205779,1.0
4.277756751513328,0.9940742233883749,0.00935622038205779,1.0
4.2820516880108315,0.9941144077607725,0.00935622038205779,1.0
4.286346624508335,0.9941545921331701,0.00935622038205779,1.0
4.290641561005838,0.9941947765055678,0.00935622038205779,1.0
4.2949364975033415,0.9942349608779654,0.00935622038205779,1.0
4.299231434000845,0.994275145250363,0.00935622038205779,1.0
4.303526370498348,0.9943153296227606,0.00935622038205779,1.0
4.3078213069958515,0.9943555139951582,0.00935622038205779,1.0
4.312116243493355,0.9943956983675558,0.00935622038205779,1.0
4.316411179990858,0.9944358827399534,0.00935622038205779,1.0
4.320706116488362,0.994476067112351,0.00935622038205779,1.0
4.325001052985865,0.9945162514847486,0.00935622038205779,1.0
4.329295989483368,0.9945564358571463,0.00935622038205779,1.0
4.333590925980872,0.9945966202295439,0.00935622038205779,1.0
4.337885862478375,0.9946368046019415,0.00935622038205779,1.0
4.342180798975878,0.9946769889743391,0.00935622038205779,1.0
4.346475735473382,0.9947171733467367,0.00935622038205779,1.0
4.350770671970885,0.9947573577191343,0.00935622038205779,1.0
4.355065608468388,0.9947975420915319,0.00935622038205779,1.0
4.359360544965892,0.9948377264639295,0.00935622038205779,1.0
4.363655481463395,0.9948779108363272,0.00935622038205779,1.0
4.367950417960898,0.9949180952087248,0.00935622038205779,1.0
4.372245354458402,0.9949582795811224,0.00935622038205779,1.0
4.376540290955905,0.99499846395352,0.00935622038205779,1.0
4.380835227453408,0.9950386483259176,0.00935622038205779,1.0
4.385130163950912,0.9950788326983152,0.00935622038205779,1.0
4.389425100448415,0.9951190170707128,0.00935622038205779,1.0
4.393720036945918,0.9951592014431104,0.00935622038205779,1.0
4.398014973443422,0.995199385815508,0.00935622038205779,1.0
4.402309909940925,0.9952395701879057,0.00935622038205779,1.0
4.406604846438428,0.9952797545603033,0.00935622038205779,1.0
4.410899782935932,0.9953199389327009,0.00935622038205779,1.0
4.415194719433435,0.9953601233050985,0.00935622038205779,1.0
4.4194896559309385,0.9954003076774961,0.00935622038205779,1.0
4.423784592428442,0.9954404920498937,0.00935622038205779,1.0
4.428079528925945,0.9954806764222913,0.00935622038205779,1.0
4.4323744654234485,0.9955208607946889,0.00935622038205779,1.0
4.436669401920952,0.9955610451670865,0.00935622038205779,1.0
4.440964338418455,0.9956012295394842,0.00935622038205779,1.0
4.4452592749159585,0.9956414139118818,0.00935622038205779,1.0
4.449554211413462,0.9956815982842794,0.00935622038205779,1.0
4.453849147910965,0.995721782656677,0.00935622038205779,1.0
4.4581440844084685,0.9957619670290746,0.00935622038205779,1.0
4.462439020905972,0.9958021514014722,0.00935622038205779,1.0
4.466733957403475,0.9958423357738698,0.00935622038205779,1.0
4.471028893900979,0.9958825201462674,0.00935622038205779,1.0
4.475323830398482,0.995922704518665,0.00935622038205779,1.0
4.479618766895985,0.9959628888910627,0.00935622038205779,1.0
4.483913703393489,0.9960030732634603,0.00935622038205779,1.0
4.488208639890992,0.9960432576358579,0.00935622038205779,1.0
4.492503576388495,0.9960834420082555,0.00935622038205779,1.0
4.496798512885999,0.9961236263806531,0.00935622038205779,1.0
4.501093449383502,0.9961638107530507,0.00935622038205779,1.0
4.505388385881005,0.9962039951254483,0.00935622038205779,1.0
4.509683322378509,0.9962441794978459,0.00935622038205779,1.0
4.513978258876012,0.9962843638702436,0.00935622038205779,1.0
4.518273195373515,0.9963245482426412,0.00935622038205779,1.0
4.522568131871019,0.9963647326150388,0.00935622038205779,1.0
4.526863068368522,0.9964049169874364,0.00935622038205779,1.0
4.531158004866025,0.996445101359834,0.00935622038205779,1.0
4.535452941363529,0.9964852857322316,0.00935622038205779,1.0
4.539747877861032,0.9965254701046292,0.00935622038205779,1.0
4.544042814358535,0.9965656544770268,0.00935622038205779,1.0
4.548337750856039,0.9966058388494244,0.00935622038205779,1.0
4.552632687353542,0.996646023221822,0.00935622038205779,1.0
4.556927623851045,0.9966862075942197,0.00935622038205779,1.0
4.561222560348549,0.9967263919666173,0.00935622038205779,1.0
4.565517496846052,0.9967665763390149,0.00935622038205779,1.0
4.5698124333435555,0.9968067607114125,0.00935622038205779,1.0
4.574107369841059,0.9968469450838101,0.00935622038205779,1.0
4.578402306338562,0.9968871294562077,0.00935622038205779,1.0
4.5826972428360655,0.9969273138286053,0.00935622038205779,1.0
4.586992179333569,0.9969674982010029,0.00935622038205779,1.0
4.591287115831072,0.9970076825734006,0.00935622038205779,1.0
4.5955820523285755,0.9970478669457982,0.00935622038205779,1.0
4.599876988826079,0.9970880513181958,0.00935622038205779,1.0
4.604171925323582,0.9971282356905934,0.00935622038205779,1.0
4.608466861821086,0.997168420062991,0.00935622038205779,1.0
4.612761798318589,0.9972086044353886,0.00935622038205779,1.0
4.617056734816092,0.9972487888077862,0.00935622038205779,1.0
4.621351671313596,0.9972889731801838,0.00935622038205779,1.0
4.625646607811099,0.9973291575525814,0.00935622038205779,1.0
4.629941544308602,0.9973693419249791,0.00935622038205779,1.0
4.634236480806106,0.9974095262973767,0.00935622038205779,1.0
4.638531417303609,0.9974497106697743,0.00935622038205779,1.0
4.642826353801112,0.9974898950421719,0.00935622038205779,1.0
4.647121290298616,0.9975300794145695,0.00935622038205779,1.0
4.651416226796119,0.9975702637869671,0.00935622038205779,1.0
4.655711163293622,0.9976104481593647,0.00935622038205779,1.0
4.660006099791126,0.9976506325317623,0.00935622038205779,1.0
4.664301036288629,0.99769081690416,0.00935622038205779,1.0
4.668595972786132,0.9977310012765576,0.00935622038205779,1.0
4.672890909283636,0.9977711856489552,0.00935622038205779,1.0
4.677185845781139,0.9978113700213528,0.00935622038205779,1.0
4.681480782278642,0.9978515543937504,0.00935622038205779,1.0
4.685775718776146,0.997891738766148,0.00935622038205779,1.0
4.690070655273649,0.9979319231385456,0.00935622038205779,1.0
4.694365591771152,0.9979721075109432,0.00935622038205779,1.0
4.698660528268656,0.9980122918833408,0.00935622038205779,1.0
4.702955464766159,0.9980524762557385,0.00935622038205779,1.0
4.7072504012636625,0.9980926606281361,0.00935622038205779,1.0
4.711545337761166,0.9981328450005337,0.00935622038205779,1.0
4.715840274258669,0.9981730293729313,0.00935622038205779,1.0
4.7201352107561725,0.9982132137453289,0.00935622038205779,1.0
4.724430147253676,0.9982533981177265,0.00935622038205779,1.0
4.728725083751179,0.9982935824901241,0.00935622038205779,1.0
4.7330200202486825,0.9983337668625217,0.00935622038205779,1.0
4.737314956746186,0.9983739512349193,0.00935622038205779,1.0
4.741609893243689,0.998414135607317,0.00935622038205779,1.0
4.7459048297411925,0.9984543199797146,0.00935622038205779,1.0
4.750199766238696,0.9984945043521122,0.00935622038205779,1.0
4.754494702736199,0.9985346887245098,0.00935622038205779,1.0
4.758789639233703,0.9985748730969074,0.00935622038205779,1.0
4.763084575731206,0.998615057469305,0.00935622038205779,1.0
4.767379512228709,0.9986552418417026,0.00935622038205779,1.0
4.771674448726213,0.9986954262141002,0.00935622038205779,1.0
4.775969385223716,0.9987356105864978,0.00935622038205779,1.0
4.780264321721219,0.9987757949588955,0.00935622038205779,1.0
4.784559258218723,0.9988159793312931,0.00935622038205779,1.0
4.788854194716226,0.9988561637036907,0.00935622038205779,1.0
4.793149131213729,0.9988963480760883,0.00935622038205779,1.0
4.797444067711233,0.9989365324484859,0.00935622038205779,1.0
4.801739004208736,0.9989767168208835,0.00935622038205779,1.0
4.806033940706239,0.9990169011932811,0.00935622038205779,1.0
4.810328877203743,0.9990570855656787,0.00935622038205779,1.0
4.814623813701246,0.9990972699380763,0.00935622038205779,1.0
4.818918750198749,0.999137454310474,0.00935622038205779,1.0
4.823213686696253,0.9991776386828716,0.00935622038205779,1.0
4.827508623193756,0.9992178230552692,0.00935622038205779,1.0
4.831803559691259,0.9992580074276668,0.00935622038205779,1.0
4.836098496188763,0.9992981918000644,0.00935622038205779,1.0
4.840393432686266,0.999338376172462,0.00935622038205779,1.0
4.844688369183769,0.9993785605448596,0.00935622038205779,1.0
4.848983305681273,0.9994187449172572,0.00935622038205779,1.0
4.853278242178776,0.9994589292896549,0.00935622038205779,1.0
4.8575731786762795,0.9994991136620525,0.00935622038205779,1.0
4.861868115173783,0.9995392980344501,0.00935622038205779,1.0
4.866163051671286,0.9995794824068477,0.00935622038205779,1.0
4.8704579881687895,0.9996196667792453,0.00935622038205779,1.0
4.874752924666293,0.9996598511516429,0.00935622038205779,1.0
4.879047861163796,0.9997000355240405,0.00935622038205779,1.0
4.8833427976612995,0.9997402198964381,0.00935622038205779,1.0
4.887637734158803,0.9997804042688357,0.00935622038205779,1.0
4.891932670656306,0.9998205886412334,0.00935622038205779,1.0
4.89622760715381,0.999860773013631,0.00935622038205779,1.0
4.900522543651313,0.9999009573860286,0.00935622038205779,1.0
4.904817480148816,0.9999411417584262,0.00935622038205779,1.0
4.90911241664632,0.9999813261308238,0.00935622038205779,1.0
4.913407353143823,1.0000215105032213,0.00935622038205779,1.0
4.917702289641326,1.000061694875619,0.00935622038205779,1.0
4.92199722613883,1.0001018792480165,0.00935622038205779,1.0
4.926292162636333,1.0001420636204141,0.00935622038205779,1.0
4.930587099133836,1.0001822479928117,0.00935622038205779,1.0
4.93488203563134,1.0002224323652094,0.00935622038205779,1.0
4.939176972128843,1.000262616737607,0.00935622038205779,1.0
4.943471908626346,1.0003028011100046,0.00935622038205779,1.0
4.94776684512385,1.0003429854824022,0.00935622038205779,1.0
4.952061781621353,1.0003831698547998,0.00935622038205779,1.0
4.956356718118856,1.0004233542271974,0.00935622038205779,1.0
4.96065165461636,1.000463538599595,0.00935622038205779,1.0
4.964946591113863,1.0005037229719926,0.00935622038205779,1.0
4.969241527611366,1.0005439073443902,0.00935622038205779,1.0
4.97353646410887,1.0005840917167879,0.00935622038205779,1.0
4.977831400606373,1.0006242760891855,0.00935622038205779,1.0
4.982126337103876,1.000664460461583,0.00935622038205779,1.0
4.98642127360138,1.0007046448339807,0.00935622038205779,1.0
4.990716210098883,1.0007448292063783,0.00935622038205779,1.0
4.9950111465963865,1.000785013578776,0.00935622038205779,1.0
4.99930608309389,1.0008251979511735,0.00935622038205779,1.0
5.003601019591393,1.0008653823235711,0.00935622038205779,1.0
5.0078959560888965,1.0009055666959688,0.00935622038205779,1.0
5.0121908925864,1.0009457510683664,0.00935622038205779,1.0
5.016485829083903,1.000985935440764,0.00935622038205779,1.0
5.0207807655814065,1.0010261198131616,0.00935622038205779,1.0
5.02507570207891,1.0010663041855592,0.00935622038205779,1.0
5.029370638576413,1.0011064885579568,0.00935622038205779,1.0
5.0336655750739165,1.0011466729303544,0.00935622038205779,1.0
5.03796051157142,1.001186857302752,0.00935622038205779,1.0
5.042255448068923,1.0012270416751496,0.00935622038205779,1.0
5.046550384566427,1.0012672260475473,0.00935622038205779,1.0
5.05084532106393,1.0013074104199449,0.00935622038205779,1.0
5.055140257561433,1.0013475947923425,0.00935622038205779,1.0
5.059435194058937,1.00138777916474,0.00935622038205779,1.0
5.06373013055644,1.0014279635371377,0.00935622038205779,1.0
5.068025067053943,1.0014681479095353,0.00935622038205779,1.0
5.072320003551447,1.001508332281933,0.00935622038205779,1.0
5.07661494004895,1.0015485166543305,0.00935622038205779,1.0
5.080909876546453,1.0015887010267281,0.00935622038205779,1.0
5.085204813043957,1.0016288853991258,0.00935622038205779,1.0
5.08949974954146,1.0016690697715234,0.00935622038205779,0.0
5.093794686038963,1.001709254143921,0.00935622038205779,0.0
5.098089622536467,1.0017494385163186,0.00935622038205779,0.0
5.10238455903397,1.0017896228887162,0.00935622038205779,0.0
5.106679495531473,1.0018298072611138,0.00935622038205779,0.0
5.110974432028977,1.0018699916335114,0.00935622038205779,0.0
5.11526936852648,1.001910176005909,0.00935622038205779,0.0
5.119564305023983,1.0019503603783066,0.00935622038205779,0.0
5.123859241521487,1.0019905447507043,0.00935622038205779,0.0
5.12815417801899,1.0020307291231019,0.00935622038205779,0.0
5.132449114516493,1.0020709134954995,0.00935622038205779,0.0
5.136744051013997,1.002111097867897,0.00935622038205779,0.0
5.1410389875115,1.0021512822402947,0.00935622038205779,0.0
5.1453339240090035,1.0021914666126923,0.00935622038205779,0.0
5.149628860506507,1.00223165098509,0.00935622038205779,0.0
5.15392379700401,1.0022718353574875,0.00935622038205779,0.0
5.1582187335015135,1.0023120197298852,0.00935622038205779,0.0
5.162513669999017,1.0023522041022828,0.00935622038205779,0.0
5.16680860649652,1.0023923884746804,0.00935622038205779,0.0
5.1711035429940235,1.002432572847078,0.00935622038205779,0.0
5.175398479491527,1.0024727572194756,0.00935622038205779,0.0
5.17969341598903,1.0025129415918732,0.00935622038205779,0.0
5.183988352486534,1.0025531259642708,0.00935622038205779,0.0
5.188283288984037,1.0025933103366684,0.00935622038205779,0.0
5.19257822548154,1.002633494709066,0.00935622038205779,0.0
5.196873161979044,1.0026736790814637,0.00935622038205779,0.0
5.201168098476547,1.0027138634538613,0.00935622038205779,0.0
5.20546303497405,1.0027540478262589,0.00935622038205779,0.0
5.209757971471554,1.0027942321986565,0.00935622038205779,0.0
5.214052907969057,1.002834416571054,0.00935622038205779,0.0
5.21834784446656,1.0028746009434517,0.00935622038205779,0.0
5.222642780964064,1.0029147853158493,0.00935622038205779,0.0
5.226937717461567,1.002954969688247,0.00935622038205779,0.0
5.23123265395907,1.0029951540606445,0.00935622038205779,0.0
5.235527590456574,1.0030353384330422,0.00935622038205779,0.0
5.239822526954077,1.0030755228054398,0.00935622038205779,0.0
5.24411746345158,1.0031157071778374,0.00935622038205779,0.0
5.248412399949084,1.003155891550235,0.00935622038205779,0.0
5.252707336446587,1.0031960759226326,0.00935622038205779,0.0
5.25700227294409,1.0032362602950302,0.00935622038205779,0.0
5.261297209441594,1.0032764446674278,0.00935622038205779,0.0
5.265592145939097,1.0033166290398254,0.00935622038205779,0.0
5.2698870824366,1.003356813412223,0.00935622038205779,0.0
5.274182018934104,1.0033969977846207,0.00935622038205779,0.0
5.278476955431607,1.0034371821570183,0.00935622038205779,0.0
5.2827718919291105,1.0034773665294159,0.00935622038205779,0.0
5.287066828426614,1.0035175509018135,0.00935622038205779,0.0
5.291361764924117,1.003557735274211,0.00935622038205779,0.0
5.2956567014216205,1.0035979196466087,0.00935622038205779,0.0
5.299951637919124,1.0036381040190063,0.00935622038205779,0.0
